[
  {"seimasId": "79162", "name": "Virgilijus ALEKNA", "faction": "Liberalų sąjūdžio frakcija", "photoUrl": "https://www.lrs.lt/SIPIS/sn_foto/2024/virgilijus_alekna.jpg"},
  {"seimasId": "90939", "name": "Vaida ALEKNAVIČIENĖ", "faction": "Lietuvos socialdemokratų partijos frakcija", "photoUrl": "https://www.lrs.lt/SIPIS/sn_foto/2024/vaida_aleknaviciene.jpg"},
  {"seimasId": "53916", "name": "Arvydas ANUŠAUSKAS", "faction": "Tėvynės sąjungos-Lietuvos krikščionių demokratų frakcija", "photoUrl": "https://www.lrs.lt/SIPIS/sn_foto/2024/arvydas_anusauskas.jpg"},
  {"seimasId": "90925", "name": "Laura ASADAUSKAITĖ-ZADNEPROVSKIENĖ", "faction": "Lietuvos socialdemokratų partijos frakcija", "photoUrl": "https://www.lrs.lt/SIPIS/sn_foto/2024/laura_asadauskaite_zadneprovskiene.jpg"},
  {"seimasId": "84599", "name": "Dalia ASANAVIČIŪTĖ-GRUŽAUSKIENĖ", "faction": "Tėvynės sąjungos-Lietuvos krikščionių demokratų frakcija", "photoUrl": "https://www.lrs.lt/SIPIS/sn_foto/2024/dalia_asanaviciute.jpg"},
  {"seimasId": "7161", "name": "Audronius AŽUBALIS", "faction": "Tėvynės sąjungos-Lietuvos krikščionių demokratų frakcija", "photoUrl": "https://www.lrs.lt/SIPIS/sn_foto/2024/audronius_azubalis.jpg"},
  {"seimasId": "79144", "name": "Valius ĄŽUOLAS", "faction": "Lietuvos valstiečių, žaliųjų ir Krikščioniškų šeimų sąjungos frakcija", "photoUrl": "https://www.lrs.lt/SIPIS/sn_foto/2024/valius_azuolas.jpg"},
  {"seimasId": "84600", "name": "Andrius BAGDONAS", "faction": "Liberalų sąjūdžio frakcija", "photoUrl": "https://www.lrs.lt/SIPIS/sn_foto/2024/andrius_bagdonas.jpg"},
  {"seimasId": "47864", "name": "Zigmantas BALČYTIS", "faction": "Demokratų frakcija „Vardan Lietuvos“", "photoUrl": "https://www.lrs.lt/SIPIS/sn_foto/2024/zigmantas_balcytis.jpg"},
  {"seimasId": "90940", "name": "Giedrė BALČYTYTĖ", "faction": "Tėvynės sąjungos-Lietuvos krikščionių demokratų frakcija", "photoUrl": "https://www.lrs.lt/SIPIS/sn_foto/2024/giedre_balcytyte.jpg"},
  {"seimasId": "7193", "name": "Linas BALSYS", "faction": "Lietuvos socialdemokratų partijos frakcija", "photoUrl": "https://www.lrs.lt/SIPIS/sn_foto/2024/linas_balsys.jpg"},
  {"seimasId": "90941", "name": "Ruslanas BARANOVAS", "faction": "Lietuvos socialdemokratų partijos frakcija", "photoUrl": "https://www.lrs.lt/SIPIS/sn_foto/2024/ruslanas_baranovas.jpg"},
  {"seimasId": "90942", "name": "Tadas BARAUSKAS", "faction": "Lietuvos socialdemokratų partijos frakcija", "photoUrl": "https://www.lrs.lt/SIPIS/sn_foto/2024/tadas_barauskas.jpg"},
  {"seimasId": "7164", "name": "Rima BAŠKIENĖ", "faction": "Demokratų frakcija „Vardan Lietuvos“", "photoUrl": "https://www.lrs.lt/SIPIS/sn_foto/2024/rima_baskiene.jpg"},
  {"seimasId": "90943", "name": "Kęstutis BILIUS", "faction": "„Nemuno aušros“ frakcija", "photoUrl": "https://www.lrs.lt/SIPIS/sn_foto/2024/kestutis_bilius.jpg"},
  {"seimasId": "53917", "name": "Agnė BILOTAITĖ", "faction": "Tėvynės sąjungos-Lietuvos krikščionių demokratų frakcija", "photoUrl": "https://www.lrs.lt/SIPIS/sn_foto/2024/agne_bilotaite.jpg"},
  {"seimasId": "7165", "name": "Šarūnas BIRUTIS", "faction": "Lietuvos socialdemokratų partijos frakcija", "photoUrl": "https://www.lrs.lt/SIPIS/sn_foto/2024/sarunas_birutis.jpg"}
]
