{"id":"Q100371377","caption":"Arūnas Valinskas","schema":"Person","referents":["lt-seimas-arunas-valinskas"],"datasets":["lt_seimas"],"first_seen":"2024-01-23T10:59:00","last_seen":"2025-12-31T11:47:01","last_change":"2024-11-20T11:47:04","properties":{"sourceUrl":["https://www.lrs.lt/sip/portal.show?p_r=35299&p_k=2&p_a=498&p_asm_id=81543"],"topics":["role.pep"],"name":["Arūnas Valinskas"],"country":["lt"],"positionOccupancies":[{"id":"lt-seimas-f7c7cec68789f0dd4e554ba62a2636414b7fddd4","caption":"Occupancy","schema":"Occupancy","referents":[],"datasets":["lt_seimas"],"first_seen":"2024-11-20T11:47:04","last_seen":"2025-12-31T11:47:01","last_change":"2024-11-20T11:47:04","properties":{"endDate":["2028"],"startDate":["2024"],"post":[{"id":"lt-seimas-e46abedc87c64a05f0b3bb6e1908cf290c57de5c","caption":"Member of the Seimas","schema":"Position","referents":[],"datasets":["lt_seimas"],"first_seen":"2024-01-23T10:59:00","last_seen":"2025-12-31T11:47:01","last_change":"2024-01-23T10:59:00","properties":{"name":["Member of the Seimas"],"country":["lt"]},"target":false}],"status":["current"],"holder":["Q100371377"]},"target":false}]},"target":true}
{"id":"Q100374729","caption":"Matas Maldeikis","schema":"Person","referents":["lt-seimas-matas-maldeikis"],"datasets":["lt_seimas"],"first_seen":"2024-01-23T10:59:00","last_seen":"2025-12-31T11:47:01","last_change":"2025-01-08T11:47:02","properties":{"name":["Matas Maldeikis"],"sourceUrl":["https://www.lrs.lt/sip/portal.show?p_r=35299&p_k=2&p_a=498&p_asm_id=69276"],"birthDate":["1980-06-19"],"topics":["role.pep"],"country":["lt"],"birthPlace":["Vilnius, Lithuania"],"positionOccupancies":[{"id":"lt-seimas-12636c028a7fb464c80067b8559240cc8a63781a","caption":"Occupancy","schema":"Occupancy","referents":[],"datasets":["lt_seimas"],"first_seen":"2024-11-20T11:47:04","last_seen":"2025-12-31T11:47:01","last_change":"2024-11-20T11:47:04","properties":{"status":["current"],"post":[{"id":"lt-seimas-e46abedc87c64a05f0b3bb6e1908cf290c57de5c","caption":"Member of the Seimas","schema":"Position","referents":[],"datasets":["lt_seimas"],"first_seen":"2024-01-23T10:59:00","last_seen":"2025-12-31T11:47:01","last_change":"2024-01-23T10:59:00","properties":{"name":["Member of the Seimas"],"country":["lt"]},"target":false}],"startDate":["2024"],"endDate":["2028"],"holder":["Q100374729"]},"target":false}]},"target":true}
{"id":"Q100500708","caption":"Mindaugas Lingė","schema":"Person","referents":["lt-seimas-mindaugas-linge"],"datasets":["lt_seimas"],"first_seen":"2024-01-23T10:59:00","last_seen":"2025-12-31T11:47:01","last_change":"2025-02-05T11:47:02","properties":{"name":["Mindaugas Lingė"],"birthDate":["1981-11-18"],"birthPlace":["Rietavas, Lithuania"],"sourceUrl":["https://www.lrs.lt/sip/portal.show?p_r=35299&p_k=2&p_a=498&p_asm_id=84607"],"country":["lt"],"topics":["role.pep"],"positionOccupancies":[{"id":"lt-seimas-96cc992c4b7c6affd642b5389b8d7390f6ee2abe","caption":"Occupancy","schema":"Occupancy","referents":[],"datasets":["lt_seimas"],"first_seen":"2024-11-20T11:47:04","last_seen":"2025-12-31T11:47:01","last_change":"2024-11-20T11:47:04","properties":{"holder":["Q100500708"],"startDate":["2024"],"endDate":["2028"],"post":[{"id":"lt-seimas-e46abedc87c64a05f0b3bb6e1908cf290c57de5c","caption":"Member of the Seimas","schema":"Position","referents":[],"datasets":["lt_seimas"],"first_seen":"2024-01-23T10:59:00","last_seen":"2025-12-31T11:47:01","last_change":"2024-01-23T10:59:00","properties":{"name":["Member of the Seimas"],"country":["lt"]},"target":false}],"status":["current"]},"target":false}]},"target":true}
{"id":"Q101362140","caption":"Jurgita Sejonienė","schema":"Person","referents":["lt-seimas-jurgita-sejoniene"],"datasets":["lt_seimas"],"first_seen":"2024-12-11T11:47:03","last_seen":"2025-12-31T11:47:01","last_change":"2025-02-05T11:47:02","properties":{"topics":["role.pep"],"birthDate":["1981-04-19"],"birthPlace":["Kėdainiai, Lithuania"],"name":["Jurgita Sejonienė"],"country":["lt"],"sourceUrl":["https://www.lrs.lt/sip/portal.show?p_r=35299&p_k=2&p_a=498&p_asm_id=84620"],"positionOccupancies":[{"id":"lt-seimas-00ea61fec58f5b348f81f3de99d8fb100091ac16","caption":"Occupancy","schema":"Occupancy","referents":[],"datasets":["lt_seimas"],"first_seen":"2024-12-11T11:47:03","last_seen":"2025-12-31T11:47:01","last_change":"2024-12-11T11:47:03","properties":{"status":["current"],"endDate":["2028"],"post":[{"id":"lt-seimas-e46abedc87c64a05f0b3bb6e1908cf290c57de5c","caption":"Member of the Seimas","schema":"Position","referents":[],"datasets":["lt_seimas"],"first_seen":"2024-01-23T10:59:00","last_seen":"2025-12-31T11:47:01","last_change":"2024-01-23T10:59:00","properties":{"name":["Member of the Seimas"],"country":["lt"]},"target":false}],"holder":["Q101362140"],"startDate":["2024"]},"target":false}]},"target":true}
{"id":"Q101610599","caption":"Valdas Rakutis","schema":"Person","referents":["lt-seimas-valdas-rakutis","lt-pinreg-ccffae5e98327fb321bb9e4d0935ee538ad85d95"],"datasets":["lt_seimas"],"first_seen":"2024-01-23T10:59:00","last_seen":"2025-12-31T11:47:01","last_change":"2024-12-18T11:47:02","properties":{"topics":["role.pep"],"name":["Valdas Rakutis"],"country":["lt"],"sourceUrl":["https://www.lrs.lt/sip/portal.show?p_r=35299&p_k=2&p_a=498&p_asm_id=84616"],"birthDate":["1969-06-17"],"birthPlace":["Kaunas, Lithuania"],"positionOccupancies":[{"id":"lt-seimas-28b8663f3129395f2415a8957f997545abb1ba61","caption":"Occupancy","schema":"Occupancy","referents":[],"datasets":["lt_seimas"],"first_seen":"2024-11-20T11:47:04","last_seen":"2025-12-31T11:47:01","last_change":"2024-11-20T11:47:04","properties":{"post":[{"id":"lt-seimas-e46abedc87c64a05f0b3bb6e1908cf290c57de5c","caption":"Member of the Seimas","schema":"Position","referents":[],"datasets":["lt_seimas"],"first_seen":"2024-01-23T10:59:00","last_seen":"2025-12-31T11:47:01","last_change":"2024-01-23T10:59:00","properties":{"name":["Member of the Seimas"],"country":["lt"]},"target":false}],"startDate":["2024"],"holder":["Q101610599"],"endDate":["2028"],"status":["current"]},"target":false}]},"target":true}
{"id":"Q102735741","caption":"Lukas Savickas","schema":"Person","referents":["us-cia-lithuania-lukas-savickas-minister-of-economy-innovation","lt-seimas-lukas-savickas"],"datasets":["lt_seimas"],"first_seen":"2024-01-23T10:59:00","last_seen":"2025-12-31T11:47:01","last_change":"2025-02-05T11:47:02","properties":{"birthPlace":["Vilnius, Lithuania"],"name":["Lukas Savickas"],"topics":["role.pep"],"country":["lt"],"sourceUrl":["https://www.lrs.lt/sip/portal.show?p_r=35299&p_k=2&p_a=498&p_asm_id=84619"],"birthDate":["1990-04-12"],"positionOccupancies":[{"id":"lt-seimas-f1d64063bcd552cb5b8c4f96e91c2e05c09829f7","caption":"Occupancy","schema":"Occupancy","referents":[],"datasets":["lt_seimas"],"first_seen":"2024-11-20T11:47:04","last_seen":"2025-12-31T11:47:01","last_change":"2024-11-20T11:47:04","properties":{"holder":["Q102735741"],"endDate":["2028"],"startDate":["2024"],"status":["current"],"post":[{"id":"lt-seimas-e46abedc87c64a05f0b3bb6e1908cf290c57de5c","caption":"Member of the Seimas","schema":"Position","referents":[],"datasets":["lt_seimas"],"first_seen":"2024-01-23T10:59:00","last_seen":"2025-12-31T11:47:01","last_change":"2024-01-23T10:59:00","properties":{"name":["Member of the Seimas"],"country":["lt"]},"target":false}]},"target":false}]},"target":true}
{"id":"Q106523174","caption":"Ligita Girskienė","schema":"Person","referents":["lt-seimas-ligita-girskiene"],"datasets":["lt_seimas"],"first_seen":"2024-01-23T10:59:00","last_seen":"2025-12-31T11:47:01","last_change":"2024-11-27T11:47:04","properties":{"topics":["role.pep"],"sourceUrl":["https://www.lrs.lt/sip/portal.show?p_r=35299&p_k=2&p_a=498&p_asm_id=79353"],"name":["Ligita Girskienė"],"birthDate":["1979-12-12"],"birthPlace":["Klaipėda District, Lithuania"],"country":["lt"],"positionOccupancies":[{"id":"lt-seimas-51072e0acdf9981c479fad9658604a4e3c42cca3","caption":"Occupancy","schema":"Occupancy","referents":[],"datasets":["lt_seimas"],"first_seen":"2024-11-20T11:47:04","last_seen":"2025-12-31T11:47:01","last_change":"2024-11-20T11:47:04","properties":{"status":["current"],"post":[{"id":"lt-seimas-e46abedc87c64a05f0b3bb6e1908cf290c57de5c","caption":"Member of the Seimas","schema":"Position","referents":[],"datasets":["lt_seimas"],"first_seen":"2024-01-23T10:59:00","last_seen":"2025-12-31T11:47:01","last_change":"2024-01-23T10:59:00","properties":{"name":["Member of the Seimas"],"country":["lt"]},"target":false}],"holder":["Q106523174"],"endDate":["2028"],"startDate":["2024"]},"target":false}]},"target":true}
{"id":"Q107360954","caption":"Audrius Petrošius","schema":"Person","referents":["lt-seimas-audrius-petrosius"],"datasets":["lt_seimas"],"first_seen":"2024-01-23T10:59:00","last_seen":"2025-12-31T11:47:01","last_change":"2025-01-22T11:47:02","properties":{"birthPlace":["Klaipėda, Lithuania"],"birthDate":["1988-05-04"],"sourceUrl":["https://www.lrs.lt/sip/portal.show?p_r=35299&p_k=2&p_a=498&p_asm_id=84614"],"name":["Audrius Petrošius"],"topics":["role.pep"],"country":["lt"],"positionOccupancies":[{"id":"lt-seimas-7765a39e88e50a9f28bd51c830202881892596a6","caption":"Occupancy","schema":"Occupancy","referents":[],"datasets":["lt_seimas"],"first_seen":"2024-11-20T11:47:04","last_seen":"2025-12-31T11:47:01","last_change":"2024-11-20T11:47:04","properties":{"status":["current"],"endDate":["2028"],"startDate":["2024"],"holder":["Q107360954"],"post":[{"id":"lt-seimas-e46abedc87c64a05f0b3bb6e1908cf290c57de5c","caption":"Member of the Seimas","schema":"Position","referents":[],"datasets":["lt_seimas"],"first_seen":"2024-01-23T10:59:00","last_seen":"2025-12-31T11:47:01","last_change":"2024-01-23T10:59:00","properties":{"name":["Member of the Seimas"],"country":["lt"]},"target":false}]},"target":false}]},"target":true}
{"id":"Q107360979","caption":"Dalia Asanavičiūtė-Gružauskienė","schema":"Person","referents":["lt-seimas-dalia-asanaviciute-gruzauskiene","lt-seimas-dalia-asanaviciute"],"datasets":["lt_seimas"],"first_seen":"2025-05-14T11:47:04","last_seen":"2025-12-31T11:47:01","last_change":"2025-05-14T11:47:04","properties":{"name":["Dalia Asanavičiūtė-Gružauskienė"],"birthDate":["1975-09-05"],"birthPlace":["Vilnius, Lithuania"],"country":["lt"],"topics":["role.pep"],"sourceUrl":["https://www.lrs.lt/sip/portal.show?p_r=35299&p_k=2&p_a=498&p_asm_id=84599"],"positionOccupancies":[{"id":"lt-seimas-777e9cb4283881007a499c40a7328c537d82dec4","caption":"Occupancy","schema":"Occupancy","referents":[],"datasets":["lt_seimas"],"first_seen":"2025-05-14T11:47:04","last_seen":"2025-12-31T11:47:01","last_change":"2025-05-14T11:47:04","properties":{"startDate":["2024"],"endDate":["2028"],"holder":["Q107360979"],"post":[{"id":"lt-seimas-e46abedc87c64a05f0b3bb6e1908cf290c57de5c","caption":"Member of the Seimas","schema":"Position","referents":[],"datasets":["lt_seimas"],"first_seen":"2024-01-23T10:59:00","last_seen":"2025-12-31T11:47:01","last_change":"2024-01-23T10:59:00","properties":{"name":["Member of the Seimas"],"country":["lt"]},"target":false}],"status":["current"]},"target":false}]},"target":true}
{"id":"Q112562650","caption":"Daiva Ulbinaitė","schema":"Person","referents":["lt-seimas-daiva-ulbinaite"],"datasets":["lt_seimas"],"first_seen":"2024-11-20T11:47:04","last_seen":"2025-12-31T11:47:01","last_change":"2024-12-11T11:47:03","properties":{"birthDate":["1970-10-26"],"topics":["role.pep"],"birthPlace":["Vydeniai Village, Varėna District, Lithuania"],"sourceUrl":["https://www.lrs.lt/sip/portal.show?p_r=35299&p_k=2&p_a=498&p_asm_id=90917"],"country":["lt"],"name":["Daiva Ulbinaitė"],"positionOccupancies":[{"id":"lt-seimas-ec59d11aa6b514c47ca97c85de377d9cbad7e3c8","caption":"Occupancy","schema":"Occupancy","referents":[],"datasets":["lt_seimas"],"first_seen":"2024-11-20T11:47:04","last_seen":"2025-12-31T11:47:01","last_change":"2024-11-20T11:47:04","properties":{"post":[{"id":"lt-seimas-e46abedc87c64a05f0b3bb6e1908cf290c57de5c","caption":"Member of the Seimas","schema":"Position","referents":[],"datasets":["lt_seimas"],"first_seen":"2024-01-23T10:59:00","last_seen":"2025-12-31T11:47:01","last_change":"2024-01-23T10:59:00","properties":{"name":["Member of the Seimas"],"country":["lt"]},"target":false}],"holder":["Q112562650"],"startDate":["2024"],"status":["current"],"endDate":["2028"]},"target":false}]},"target":true}
{"id":"Q1157636","caption":"Dainius Kreivys","schema":"Person","referents":["evpo-d198e1d9-3ad0-46e5-ae1b-d01704a9fc57","lt-pinreg-39fa4e995e6741795ec23fdd638006bd85f11782","lt-seimas-dainius-kreivys"],"datasets":["lt_seimas"],"first_seen":"2024-01-23T10:59:00","last_seen":"2025-12-31T11:47:01","last_change":"2024-11-20T11:47:04","properties":{"sourceUrl":["https://www.lrs.lt/sip/portal.show?p_r=35299&p_k=2&p_a=498&p_asm_id=24048"],"topics":["role.pep"],"country":["lt"],"name":["Dainius Kreivys"],"positionOccupancies":[{"id":"lt-seimas-2f8172ffb60219e471f130f07ef71525fd2128c2","caption":"Occupancy","schema":"Occupancy","referents":[],"datasets":["lt_seimas"],"first_seen":"2024-11-20T11:47:04","last_seen":"2025-12-31T11:47:01","last_change":"2024-11-20T11:47:04","properties":{"status":["current"],"endDate":["2028"],"post":[{"id":"lt-seimas-e46abedc87c64a05f0b3bb6e1908cf290c57de5c","caption":"Member of the Seimas","schema":"Position","referents":[],"datasets":["lt_seimas"],"first_seen":"2024-01-23T10:59:00","last_seen":"2025-12-31T11:47:01","last_change":"2024-01-23T10:59:00","properties":{"name":["Member of the Seimas"],"country":["lt"]},"target":false}],"startDate":["2024"],"holder":["Q1157636"]},"target":false}]},"target":true}
{"id":"Q117150","caption":"Zigmantas Balčytis","schema":"Person","referents":["lt-seimas-zigmantas-balcytis"],"datasets":["lt_seimas"],"first_seen":"2024-01-23T10:59:00","last_seen":"2025-12-31T11:47:01","last_change":"2025-01-08T11:47:02","properties":{"birthDate":["1953-11-16"],"name":["Zigmantas Balčytis"],"birthPlace":["Juodžiai Village, Šilutė District, Lithuania"],"sourceUrl":["https://www.lrs.lt/sip/portal.show?p_r=35299&p_k=2&p_a=498&p_asm_id=47220"],"country":["lt"],"topics":["role.pep"],"positionOccupancies":[{"id":"lt-seimas-4839880e6761dc4fc26e049a91cc4cbec3e4c576","caption":"Occupancy","schema":"Occupancy","referents":[],"datasets":["lt_seimas"],"first_seen":"2024-11-20T11:47:04","last_seen":"2025-12-31T11:47:01","last_change":"2024-11-20T11:47:04","properties":{"startDate":["2024"],"endDate":["2028"],"status":["current"],"post":[{"id":"lt-seimas-e46abedc87c64a05f0b3bb6e1908cf290c57de5c","caption":"Member of the Seimas","schema":"Position","referents":[],"datasets":["lt_seimas"],"first_seen":"2024-01-23T10:59:00","last_seen":"2025-12-31T11:47:01","last_change":"2024-01-23T10:59:00","properties":{"name":["Member of the Seimas"],"country":["lt"]},"target":false}],"holder":["Q117150"]},"target":false}]},"target":true}
{"id":"Q11762063","caption":"Liutauras Kazlavickas","schema":"Person","referents":["evpo-f24fef1f-8931-43c4-ac27-6c8bd8a77255","lt-seimas-liutauras-kazlavickas"],"datasets":["lt_seimas"],"first_seen":"2024-11-20T11:47:04","last_seen":"2025-12-31T11:47:01","last_change":"2024-12-25T11:47:02","properties":{"sourceUrl":["https://www.lrs.lt/sip/portal.show?p_r=35299&p_k=2&p_a=498&p_asm_id=54711"],"topics":["role.pep"],"birthDate":["1981-04-11"],"birthPlace":["Vilnius, Lithuania"],"country":["lt"],"name":["Liutauras Kazlavickas"],"positionOccupancies":[{"id":"lt-seimas-854b43b9839026d40daa4967129039726d2937c5","caption":"Occupancy","schema":"Occupancy","referents":[],"datasets":["lt_seimas"],"first_seen":"2024-11-20T11:47:04","last_seen":"2025-12-31T11:47:01","last_change":"2024-11-20T11:47:04","properties":{"holder":["Q11762063"],"post":[{"id":"lt-seimas-e46abedc87c64a05f0b3bb6e1908cf290c57de5c","caption":"Member of the Seimas","schema":"Position","referents":[],"datasets":["lt_seimas"],"first_seen":"2024-01-23T10:59:00","last_seen":"2025-12-31T11:47:01","last_change":"2024-01-23T10:59:00","properties":{"name":["Member of the Seimas"],"country":["lt"]},"target":false}],"endDate":["2028"],"startDate":["2024"],"status":["current"]},"target":false}]},"target":true}
(Content truncated due to size limit. Use page ranges or line ranges to read remaining content)